"state","vacc_date","effective_date","people_vaccinated_per_hundred","people_fully_vaccinated_per_hundred","cumuluative_new_case_7_per100000","cumuluative_new_death_7_per100000","Mean_retail_and_recreation_percent_change_from_baseline","Mean_grocery_and_pharmacy_percent_change_from_baseline","Mean_parks_percent_change_from_baseline","Mean_transit_stations_percent_change_from_baseline","Mean_workplaces_percent_change_from_baseline","Mean_residential_percent_change_from_baseline","retail_mean","grocery_mean","parks_mean","transit_mean","workplace_mean","residential_mean","SD_retail_and_recreation_percent_change_from_baseline","SD_grocery_and_pharmacy_percent_change_from_baseline","SD_parks_percent_change_from_baseline","SD_transit_stations_percent_change_from_baseline","SD_workplaces_percent_change_from_baseline","SD_residential_percent_change_from_baseline","retail_sd","grocery_sd","parks_sd","transit_sd","workplace_sd","residential_sd","retail_and_recreation_percent_change_from_baseline_2021.01","retail_and_recreation_percent_change_from_baseline_2021.02","retail_and_recreation_percent_change_from_baseline_2021.03","grocery_and_pharmacy_percent_change_from_baseline_2021.01","grocery_and_pharmacy_percent_change_from_baseline_2021.02","grocery_and_pharmacy_percent_change_from_baseline_2021.03","parks_percent_change_from_baseline_2021.01","parks_percent_change_from_baseline_2021.02","parks_percent_change_from_baseline_2021.03","transit_stations_percent_change_from_baseline_2021.01","transit_stations_percent_change_from_baseline_2021.02","transit_stations_percent_change_from_baseline_2021.03","workplaces_percent_change_from_baseline_2021.01","workplaces_percent_change_from_baseline_2021.02","workplaces_percent_change_from_baseline_2021.03","residential_percent_change_from_baseline_2021.01","residential_percent_change_from_baseline_2021.02","residential_percent_change_from_baseline_2021.03","JF_change_retail","FM_change_retail","retail_pattern","JF_change_grocery","FM_change_grocery","grocery_pattern","JF_change_parks","FM_change_parks","parks_pattern","JF_change_transit","FM_change_transit","transit_pattern","JF_change_workplace","FM_change_workplace","workplaces_pattern","JF_change_residential","FM_change_residential","residential_pattern"
"Alabama",2021-03-17,2021-03-31,18.23,10.68,56.0355311737152,1.40245819523307,-11.8222222222222,-4.12222222222222,-7,-10.4111111111111,-20.7666666666667,6.87777777777778,"HIGH","HIGH","AVG","HIGH","HIGH","LOW",9.53477111286797,6.72380941013131,20.5076034131931,11.1696764907881,9.63729879633747,4.17275211039208,"AVG","AVG","LOW","AVG","AVG","AVG",-17.4193548387097,-15.7857142857143,-2.64516129032258,-8.54838709677419,-5.17857142857143,1.25806451612903,-15.5161290322581,-15.4642857142857,9.16129032258065,-16.4516129032258,-15.75,0.451612903225806,-22.741935483871,-20.8214285714286,-18.741935483871,8.35483870967742,7.82142857142857,4.54838709677419,"Inc","Inc","Inc Inc","Inc","Inc","Inc Inc","Inc","Inc","Inc Inc","Inc","Inc","Inc Inc","Inc","Inc","Inc Inc","Dec","Dec","Dec Dec"
"Alaska",2021-03-17,2021-03-31,28.83,18.56,133.588510825591,0.14061948507957,-11.6333333333333,-6.53333333333333,4.04444444444444,-25.1111111111111,-21.4,8.3,"HIGH","AVG","AVG","AVG","HIGH","AVG",8.44340045455355,5.36781921696953,12.0866823461746,8.43806842538982,8.44253543044872,3.36355216193646,"AVG","LOW","LOW","AVG","LOW","LOW",-18.1935483870968,-14.1428571428571,-2.80645161290323,-10.5161290322581,-7.53571428571429,-1.64516129032258,-0.903225806451613,0.892857142857143,11.8387096774194,-31.258064516129,-28.1071428571429,-16.258064516129,-23.3225806451613,-20.6428571428571,-20.1612903225806,9.80645161290323,8.42857142857143,6.67741935483871,"Inc","Inc","Inc Inc","Inc","Inc","Inc Inc","Inc","Inc","Inc Inc","Inc","Inc","Inc Inc","Inc","Inc","Inc Inc","Dec","Dec","Dec Dec"
"Arizona",2021-03-17,2021-03-31,23.11,13.13,61.8002336304642,1.94978021297527,-16.1666666666667,-10.8888888888889,-18.5888888888889,-20.9222222222222,-29.3888888888889,9.23333333333333,"AVG","AVG","LOW","AVG","AVG","AVG",6.79267616173495,4.64091342337324,11.4772803853394,8.51862174031438,11.1089542226125,3.50617432923212,"LOW","LOW","LOW","AVG","AVG","LOW",-22.5161290322581,-17.1428571428571,-8.93548387096774,-15,-10.8571428571429,-6.80645161290323,-28.3548387096774,-17.5,-9.80645161290323,-29.0967741935484,-21.8571428571429,-11.9032258064516,-31.7741935483871,-28.1071428571429,-28.1612903225806,11.2903225806452,8.96428571428571,7.41935483870968,"Inc","Inc","Inc Inc","Inc","Inc","Inc Inc","Inc","Inc","Inc Inc","Inc","Inc","Inc Inc","Inc","Dec","Inc Dec","Dec","Dec","Dec Dec"
"Arkansas",2021-03-17,2021-03-31,19.95,10.58,41.867086914838,2.26308577918043,-10.4333333333333,-4.61111111111111,12.6,-6.81111111111111,-22.9333333333333,7.55555555555556,"HIGH","HIGH","HIGH","HIGH","AVG","AVG",16.7117330780476,11.4653306860432,37.0219491531865,15.4329972217305,15.0226794839138,6.61647774709307,"HIGH","HIGH","HIGH","HIGH","HIGH","HIGH",-15.1612903225806,-22,4.74193548387097,-8,-10.0714285714286,3.70967741935484,-0.193548387096774,-16.25,51.4516129032258,-11.3225806451613,-17.1071428571429,7,-21.8387096774194,-28.8571428571429,-18.6774193548387,8,11.6785714285714,3.38709677419355,"Dec","Inc","Dec Inc","Dec","Inc","Dec Inc","Dec","Inc","Dec Inc","Dec","Inc","Dec Inc","Dec","Inc","Dec Inc","Inc","Dec","Inc Dec"
"California",2021-03-17,2021-03-31,22.39,11,46.5370886933146,2.90957273004834,-29.4111111111111,-14.4777777777778,-19.4666666666667,-46.4333333333333,-35.5444444444444,12.4333333333333,"LOW","LOW","LOW","LOW","LOW","HIGH",6.26725831934892,4.28540186721684,12.3535920264131,6.07453701939498,11.5468377996331,4.105490979137,"LOW","LOW","LOW","LOW","AVG","AVG",-35.9354838709677,-29.2142857142857,-23.0645161290323,-18.258064516129,-14.0714285714286,-11.0645161290323,-26.9354838709677,-18.1428571428571,-13.1935483870968,-51.3225806451613,-46.2857142857143,-41.6774193548387,-38.3225806451613,-34.5,-33.7096774193548,14.6774193548387,12.0357142857143,10.5483870967742,"Inc","Inc","Inc Inc","Inc","Inc","Inc Inc","Inc","Inc","Inc Inc","Inc","Inc","Inc Inc","Inc","Inc","Inc Inc","Dec","Dec","Dec Dec"
"Colorado",2021-03-17,2021-03-31,21.92,12.97,169.765011988253,0.594901338587502,-23.3222222222222,-10.0555555555556,-14.5444444444444,-37.2666666666667,-29.9888888888889,10.7888888888889,"LOW","AVG","LOW","AVG","LOW","AVG",9.73679200772759,8.86776907342402,20.8268199556046,9.20893557269365,12.3174257164251,4.0070007401217,"AVG","HIGH","AVG","AVG","HIGH","AVG",-27.7096774193548,-24.5,-17.8709677419355,-13.1935483870968,-10.3214285714286,-6.67741935483871,-17.6451612903226,-22.7857142857143,-4,-41.7741935483871,-39.2142857142857,-31,-30.0645161290323,-28.6785714285714,-31.0967741935484,11.9032258064516,10.8571428571429,9.61290322580645,"Inc","Inc","Inc Inc","Inc","Inc","Inc Inc","Dec","Inc","Dec Inc","Inc","Inc","Inc Inc","Inc","Dec","Inc Dec","Dec","Dec","Dec Dec"
"Connecticut",2021-03-17,2021-03-31,27.41,14.82,248.193486782563,0.951790948636042,-21.1444444444444,-13.4333333333333,-6.18888888888889,-36.7222222222222,-27.7555555555556,11.1,"AVG","LOW","AVG","AVG","AVG","HIGH",10.7865512509855,9.32201694913713,32.5185839501407,8.315448973775,12.1260339404973,4.80647970879013,"AVG","HIGH","HIGH","LOW","AVG","HIGH",-25.3225806451613,-26.3928571428571,-12.2258064516129,-15.258064516129,-16.3928571428571,-8.93548387096774,-12,-25.3571428571429,16.9354838709677,-39.7741935483871,-41.6428571428571,-29.2258064516129,-29.1935483870968,-29.7142857142857,-24.5483870967742,12.1290322580645,12.6071428571429,8.70967741935484,"Dec","Inc","Dec Inc","Dec","Inc","Dec Inc","Dec","Inc","Dec Inc","Dec","Inc","Dec Inc","Dec","Inc","Dec Inc","Inc","Dec","Inc Dec"
"Delaware",2021-03-17,2021-03-31,22.44,12.79,220.301267259988,2.66627857500742,-16.8441558441558,-9.90909090909091,-14.1688311688312,-40.4675324675325,-30.6233766233766,10.8831168831169,"AVG","AVG","LOW","LOW","LOW","HIGH",11.2320792177735,8.69842971034642,26.8129007625074,9.87898409381783,9.79801129262969,4.2051785930346,"AVG","AVG","AVG","AVG","AVG","AVG",-22.0384615384615,-23,-6.37037037037037,-12.3846153846154,-14.5,-3.44444444444444,-22.9230769230769,-30.5416666666667,8.81481481481481,-45.8461538461538,-44.5833333333333,-31.6296296296296,-32,-32.625,-27.5185185185185,12.0384615384615,12.4583333333333,8.37037037037037,"Dec","Inc","Dec Inc","Dec","Inc","Dec Inc","Dec","Inc","Dec Inc","Inc","Inc","Inc Inc","Dec","Inc","Dec Inc","Inc","Dec","Inc Dec"
"District of Columbia",2021-03-17,2021-03-31,18.93,9.75,151.545416576559,1.81590368446858,-54.4666666666667,-27.3222222222222,-44.2555555555556,-69.9444444444444,-50.4888888888889,17.4888888888889,"LOW","LOW","LOW","LOW","LOW","HIGH",6.27139036248356,7.9631564203387,21.3465578158814,5.49230536543772,15.7880942516782,6.37629818365182,"LOW","AVG","AVG","LOW","HIGH","HIGH",-58.1935483870968,-56.7142857142857,-48.7096774193548,-30.2258064516129,-28.9642857142857,-22.9354838709677,-47.5806451612903,-55,-31.2258064516129,-71.7096774193548,-71.3571428571429,-66.9032258064516,-51.3548387096774,-51.6428571428571,-48.5806451612903,18.6129032258065,18.8214285714286,15.1612903225806,"Inc","Inc","Inc Inc","Inc","Inc","Inc Inc","Dec","Inc","Dec Inc","Inc","Inc","Inc Inc","Dec","Inc","Dec Inc","Inc","Dec","Inc Dec"
"Florida",2021-03-17,2021-03-31,21.07,11.93,186.527489956131,3.04472000013556,-16.5888888888889,-9.71111111111111,-18.5666666666667,-31.6555555555556,-25.4222222222222,7.06666666666667,"AVG","AVG","LOW","AVG","AVG","LOW",5.87490271388624,4.76938844793448,11.2260231384769,6.79583664866261,7.47426713220404,2.67657335857253,"LOW","LOW","LOW","LOW","LOW","LOW",-21.8064516129032,-17.8571428571429,-10.2258064516129,-13.9032258064516,-10.2142857142857,-5.06451612903226,-26.1935483870968,-20.5714285714286,-9.12903225806452,-37.3225806451613,-33.4642857142857,-24.3548387096774,-27,-24.3571428571429,-24.8064516129032,8.35483870967742,7.14285714285714,5.70967741935484,"Inc","Inc","Inc Inc","Inc","Inc","Inc Inc","Inc","Inc","Inc Inc","Inc","Inc","Inc Inc","Inc","Dec","Inc Dec","Dec","Dec","Dec Dec"
"Georgia",2021-03-17,2021-03-31,16.11,9.89,104.492541048399,4.06605789716456,-14.7444444444444,-7.56666666666667,-2.62222222222222,-28.8222222222222,-25.8888888888889,8.36666666666667,"AVG","AVG","AVG","AVG","AVG","AVG",7.25856504702016,5.21245267809199,27.9456043769858,7.88623858700623,9.41364589777198,3.63333505136887,"LOW","LOW","AVG","LOW","LOW","LOW",-20.3548387096774,-17.1071428571429,-7,-11.5161290322581,-8.5,-2.7741935483871,-16.9677419354839,-11.5714285714286,19.8064516129032,-34.1612903225806,-31.5714285714286,-21,-28.3225806451613,-25.0714285714286,-24.1935483870968,10.3225806451613,8.57142857142857,6.2258064516129,"Inc","Inc","Inc Inc","Inc","Inc","Inc Inc","Inc","Inc","Inc Inc","Inc","Inc","Inc Inc","Inc","Inc","Inc Inc","Dec","Dec","Dec Dec"
"Hawaii",2021-03-17,2021-03-31,24.67,15.25,50.5602723943848,0.440292647846602,-31.7333333333333,-19.9888888888889,-40.2555555555556,-52.4888888888889,-31.8111111111111,11.0888888888889,"LOW","LOW","LOW","LOW","LOW","HIGH",5.40245470632865,5.482340278689,8.05258156820589,5.52266920574236,7.64212812945885,3.30353724091652,"LOW","LOW","LOW","LOW","LOW","LOW",-36.4193548387097,-32.5357142857143,-26.3225806451613,-24.4193548387097,-20.1428571428571,-15.4193548387097,-43.9032258064516,-40,-36.8387096774194,-57.2903225806452,-53.6785714285714,-46.6129032258064,-33.1612903225806,-31.4285714285714,-30.8064516129032,12.1612903225806,10.9285714285714,10.1612903225806,"Inc","Inc","Inc Inc","Inc","Inc","Inc Inc","Inc","Inc","Inc Inc","Inc","Inc","Inc Inc","Inc","Inc","Inc Inc","Dec","Dec","Dec Dec"
"Idaho",2021-03-17,2021-03-31,19.53,12.07,126.418944216844,0.637835238228272,-5.44444444444444,-0.622222222222222,25.5,-7.62222222222222,-19.0888888888889,5.57777777777778,"HIGH","HIGH","HIGH","HIGH","HIGH","LOW",8.40025562895025,5.8551384861193,30.2982366824773,12.1752906688674,8.0902833167213,2.9603286250077,"LOW","LOW","AVG","HIGH","LOW","LOW",-10.7096774193548,-9.14285714285714,3.16129032258065,-5.58064516129032,-1.32142857142857,4.96774193548387,11.4516129032258,7.53571428571429,55.7741935483871,-16.8064516129032,-12.1428571428571,5.64516129032258,-20.5483870967742,-18.2142857142857,-18.4193548387097,7.12903225806452,6.14285714285714,3.51612903225806,"Inc","Inc","Inc Inc","Inc","Inc","Inc Inc","Dec","Inc","Dec Inc","Inc","Inc","Inc Inc","Inc","Dec","Inc Dec","Dec","Dec","Dec Dec"
"Illinois",2021-03-17,2021-03-31,22.96,12.57,131.606240242797,1.33345186238777,-24.0444444444444,-10.6,-18.8666666666667,-39.6555555555556,-28.6888888888889,10.6444444444444,"LOW","AVG","LOW","LOW","AVG","AVG",10.1581993351595,8.00673873487448,31.1019346195482,9.37263661429485,12.1115085435712,4.57965974672304,"AVG","AVG","AVG","AVG","AVG","AVG",-31.3870967741935,-27.7857142857143,-13.3225806451613,-14.6451612903226,-12.5,-4.83870967741935,-31.6129032258065,-36.5,9.80645161290323,-44.6774193548387,-42.7857142857143,-31.8064516129032,-30.5483870967742,-28.9642857142857,-26.5806451612903,12.4516129032258,11.5714285714286,8,"Inc","Inc","Inc Inc","Inc","Inc","Inc Inc","Dec","Inc","Dec Inc","Inc","Inc","Inc Inc","Inc","Inc","Inc Inc","Dec","Dec","Dec Dec"
"Indiana",2021-03-17,2021-03-31,19.98,13.01,99.4675839908226,0.986812180346094,-13.1,-7.88888888888889,7.7,-11.8111111111111,-21.5666666666667,7.45555555555556,"AVG","AVG","AVG","HIGH","AVG","LOW",10.834868805042,7.52888735597607,37.9560508714066,10.7325970389742,10.1472861263659,4.42709002533092,"AVG","AVG","HIGH","AVG","AVG","AVG",-18.9032258064516,-18.6428571428571,-2.29032258064516,-11.7741935483871,-9.57142857142857,-2.48387096774194,-9.12903225806452,-12.3928571428571,42.6774193548387,-18.741935483871,-16.3571428571429,-0.774193548387097,-22.741935483871,-21.9285714285714,-20.0645161290323,9.06451612903226,8.71428571428571,4.70967741935484,"Inc","Inc","Inc Inc","Inc","Inc","Inc Inc","Dec","Inc","Dec Inc","Inc","Inc","Inc Inc","Inc","Inc","Inc Inc","Dec","Dec","Dec Dec"
"Iowa",2021-03-17,2021-03-31,23.98,13.61,124.489524045772,1.77185933011905,-10.7222222222222,4.15555555555556,2.34444444444444,-19.4777777777778,-18.0666666666667,7.47777777777778,"HIGH","HIGH","AVG","AVG","HIGH","AVG",11.5379469458541,9.74265625029877,31.3290478382592,9.69098709942895,11.0278503411167,4.07300727530275,"AVG","HIGH","AVG","AVG","AVG","AVG",-17.2903225806452,-15.9285714285714,0.548387096774194,-0.903225806451613,1.60714285714286,11.5161290322581,-9.87096774193548,-17.75,32.7096774193548,-25.4516129032258,-24.0714285714286,-9.35483870967742,-19.8064516129032,-17.6428571428571,-16.7096774193548,9.32258064516129,8.17857142857143,5,"Inc","Inc","Inc Inc","Inc","Inc","Inc Inc","Dec","Inc","Dec Inc","Inc","Inc","Inc Inc","Inc","Inc","Inc Inc","Dec","Dec","Dec Dec"
"Kansas",2021-03-17,2021-03-31,21.91,11.67,50.6807174425493,1.12234114751666,-13.8777777777778,-9.05555555555556,8.48888888888889,-7.41111111111111,-21.3222222222222,7.36666666666667,"AVG","AVG","HIGH","HIGH","HIGH","LOW",12.0026474399626,8.15215021075278,40.4033718818828,13.2078410865399,11.2368052737,4.18786368536406,"HIGH","AVG","HIGH","HIGH","AVG","AVG",-19.8709677419355,-19.8214285714286,-2.51612903225806,-13.3548387096774,-11.0714285714286,-2.93548387096774,-10.0967741935484,-10.5357142857143,44.258064516129,-15.0967741935484,-13.7857142857143,6.03225806451613,-22.7096774193548,-21.8571428571429,-19.4516129032258,8.87096774193548,8.64285714285714,4.70967741935484,"Inc","Inc","Inc Inc","Inc","Inc","Inc Inc","Dec","Inc","Dec Inc","Inc","Inc","Inc Inc","Inc","Inc","Inc Inc","Dec","Dec","Dec Dec"
"Kentucky",2021-03-17,2021-03-31,24,12.52,96.3557393068055,2.6496676279968,-16.5444444444444,-5.01111111111111,9.42222222222222,-12.5777777777778,-24.6888888888889,8.25555555555556,"AVG","HIGH","HIGH","HIGH","AVG","AVG",12.7174666326694,9.76751603725724,38.2643019535834,11.6435619263216,12.160577718059,5.05378067649284,"HIGH","HIGH","HIGH","HIGH","AVG","HIGH",-22.1290322580645,-24.6071428571429,-3.67741935483871,-9.16129032258065,-9.07142857142857,2.80645161290323,-8.67741935483871,-13.3928571428571,48.1290322580645,-18.1290322580645,-19.1428571428571,-1.09677419354839,-25.3225806451613,-27.7142857142857,-21.3225806451613,9.35483870967742,10.7142857142857,4.93548387096774,"Dec","Inc","Dec Inc","Inc","Inc","Inc Inc","Dec","Inc","Dec Inc","Dec","Inc","Dec Inc","Dec","Inc","Dec Inc","Inc","Dec","Inc Dec"
"Louisiana",2021-03-17,2021-03-31,20.72,12.12,59.8727703629787,1.87654331889867,-15.5444444444444,-5.26666666666667,-23.5444444444444,-19.7222222222222,-23.3444444444444,7.02222222222222,"AVG","HIGH","LOW","AVG","AVG","LOW",12.1508876183022,8.59291581753196,18.1993709677141,11.2350052657241,11.0760000802536,5.01229449751685,"HIGH","AVG","LOW","AVG","AVG","HIGH",-20.9677419354839,-21.9285714285714,-4.35483870967742,-9.03225806451613,-8.14285714285714,1.09677419354839,-31.5161290322581,-32.4285714285714,-7.54838709677419,-24.8064516129032,-25.1785714285714,-9.70967741935484,-23.9032258064516,-26.7857142857143,-19.6774193548387,8.06451612903226,9.07142857142857,4.12903225806452,"Dec","Inc","Dec Inc","Inc","Inc","Inc Inc","Dec","Inc","Dec Inc","Dec","Inc","Dec Inc","Dec","Inc","Dec Inc","Inc","Dec","Inc Dec"
"Maine",2021-03-17,2021-03-31,26.4,14.36,120.157943365506,0.902877470498479,-15.6666666666667,-4.76666666666667,9.84444444444444,-29.4444444444444,-23.0777777777778,8.52222222222222,"AVG","HIGH","HIGH","AVG","AVG","AVG",11.6907723142387,9.30512725643379,21.8888464292319,10.1783103949958,10.2849598686929,3.8372151002183,"HIGH","HIGH","AVG","AVG","AVG","AVG",-22.258064516129,-19.8214285714286,-5.32258064516129,-9.12903225806452,-6.03571428571429,0.741935483870968,3.48387096774194,4.82142857142857,20.741935483871,-31.6129032258065,-33.8928571428571,-23.258064516129,-24.0322580645161,-24.25,-21.0645161290323,9.67741935483871,9.21428571428571,6.74193548387097,"Inc","Inc","Inc Inc","Inc","Inc","Inc Inc","Inc","Inc","Inc Inc","Dec","Inc","Dec Inc","Dec","Inc","Dec Inc","Dec","Dec","Dec Dec"
"Maryland",2021-03-17,2021-03-31,23.11,12.93,154.62805609061,1.48647583543399,-24.7555555555556,-13.9333333333333,-3.32222222222222,-44.8111111111111,-34.3,13.5777777777778,"LOW","LOW","AVG","LOW","LOW","HIGH",10.1398214986739,9.49961560428702,39.2897126878796,8.35167270394427,13.9778717577607,5.52416098215865,"AVG","HIGH","HIGH","AVG","HIGH","HIGH",-29.3548387096774,-29.0714285714286,-16.258064516129,-16.7096774193548,-17.25,-8.16129032258065,-14.1290322580645,-27,28.8709677419355,-48.741935483871,-47.7857142857143,-38.1935483870968,-35.3548387096774,-36.0357142857143,-31.6774193548387,14.8387096774194,15.1785714285714,10.8709677419355,"Inc","Inc","Inc Inc","Dec","Inc","Dec Inc","Dec","Inc","Dec Inc","Inc","Inc","Inc Inc","Dec","Inc","Dec Inc","Inc","Dec","Inc Dec"
"Massachusetts",2021-03-17,2021-03-31,26.2,13.68,215.727384482657,3.23141422386232,-28.7111111111111,-16.5666666666667,-11.8666666666667,-56.4444444444444,-34.4777777777778,13.3,"LOW","LOW","AVG","LOW","LOW","HIGH",7.62498030123732,6.36007561258141,26.3716736014104,6.33540277642831,12.1758905059541,4.67229462669593,"LOW","AVG","AVG","LOW","HIGH","AVG",-33.2903225806452,-31.8928571428571,-21.258064516129,-19.2258064516129,-17.9642857142857,-12.6451612903226,-19.3870967741935,-25.3214285714286,7.80645161290323,-59.4193548387097,-57.8214285714286,-52.2258064516129,-35.8064516129032,-35.3928571428571,-32.3225806451613,14.7096774193548,14.1071428571429,11.1612903225806,"Inc","Inc","Inc Inc","Inc","Inc","Inc Inc","Dec","Inc","Dec Inc","Inc","Inc","Inc Inc","Inc","Inc","Inc Inc","Dec","Dec","Dec Dec"
"Michigan",2021-03-17,2021-03-31,21.56,12.18,402.141440301077,0.919446020637623,-22.3666666666667,-11.0111111111111,14.2333333333333,-30.7888888888889,-25.6111111111111,9.76666666666667,"LOW","AVG","HIGH","AVG","AVG","AVG",10.9651644520579,6.92089239625565,33.4203900622077,8.66673148924188,11.5142261244924,4.28231272178843,"AVG","AVG","HIGH","AVG","AVG","AVG",-32.3225806451613,-24.3571428571429,-10.6129032258065,-15.0322580645161,-12.6071428571429,-5.54838709677419,0.032258064516129,-1.96428571428571,43.0645161290323,-37.8709677419355,-33.25,-21.4838709677419,-27.7096774193548,-25.3928571428571,-23.7096774193548,11.6451612903226,10.0714285714286,7.61290322580645,"Inc","Inc","Inc Inc","Inc","Inc","Inc Inc","Dec","Inc","Dec Inc","Inc","Inc","Inc Inc","Inc","Inc","Inc Inc","Dec","Dec","Dec Dec"
"Minnesota",2021-03-17,2021-03-31,24.46,13.45,206.810323426276,1.12928826042742,-21.2,-12.3666666666667,-0.788888888888889,-40.1111111111111,-27.0888888888889,11.2555555555556,"AVG","LOW","AVG","LOW","AVG","HIGH",8.78481836510381,6.2142460469943,25.262884995624,9.69819216843171,12.276445377678,4.09044134074154,"AVG","AVG","AVG","AVG","HIGH","AVG",-27.8387096774194,-23.9642857142857,-12.0645161290323,-16.3870967741935,-14.1785714285714,-6.70967741935484,-2.06451612903226,-16.8928571428571,15.0322580645161,-47.4193548387097,-43.1428571428571,-30.0645161290323,-29.1935483870968,-26.7142857142857,-25.3225806451613,12.8064516129032,11.6071428571429,9.38709677419355,"Inc","Inc","Inc Inc","Inc","Inc","Inc Inc","Dec","Inc","Dec Inc","Inc","Inc","Inc Inc","Inc","Inc","Inc Inc","Dec","Dec","Dec Dec"
"Mississippi",2021-03-17,2021-03-31,20.32,11.28,49.7031291068263,1.1456992472082,-9.66666666666667,-7.76666666666667,-9.72222222222222,3.21111111111111,-21.7666666666667,6.53333333333333,"HIGH","AVG","AVG","HIGH","AVG","LOW",14.4463361865036,9.5058231709465,17.8168130277813,14.8214045373381,12.5761053973912,5.74788676360199,"HIGH","HIGH","LOW","HIGH","HIGH","HIGH",-14.3870967741935,-18.25,2.80645161290323,-10.6451612903226,-11.5357142857143,-1.48387096774194,-14.0967741935484,-21.7857142857143,5.54838709677419,-3.45161290322581,-4.89285714285714,17.1935483870968,-21.4193548387097,-25.8571428571429,-18.4193548387097,7.32258064516129,9.25,3.29032258064516,"Dec","Inc","Dec Inc","Dec","Inc","Dec Inc","Dec","Inc","Dec Inc","Dec","Inc","Dec Inc","Dec","Inc","Dec Inc","Inc","Dec","Inc Dec"
"Missouri",2021-03-17,2021-03-31,20.14,10.8,70.3395101608665,1.06980243590672,-11.8666666666667,-6.35555555555556,1.35555555555556,-15.4222222222222,-21.8888888888889,7.62222222222222,"HIGH","AVG","AVG","AVG","AVG","AVG",13.6630396210138,9.2861030772896,37.4859707423575,12.2263096104931,11.8135747897645,4.86809788610645,"HIGH","HIGH","HIGH","HIGH","AVG","HIGH",-18.4838709677419,-19.4642857142857,1.61290322580645,-10.9354838709677,-9.60714285714286,1.16129032258065,-16.0967741935484,-17.9642857142857,36.258064516129,-22.2258064516129,-21.8214285714286,-2.83870967741935,-22.7096774193548,-24.0357142857143,-19.1290322580645,9,9.64285714285714,4.41935483870968,"Dec","Inc","Dec Inc","Inc","Inc","Inc Inc","Dec","Inc","Dec Inc","Inc","Inc","Inc Inc","Dec","Inc","Dec Inc","Inc","Dec","Inc Dec"
"Montana",2021-03-17,2021-03-31,24.14,14.43,89.4240425521178,0.605580423603506,-7.26666666666667,-0.155555555555556,2.04444444444444,-3.21111111111111,-15.5666666666667,5.5,"HIGH","HIGH","AVG","HIGH","HIGH","LOW",9.93552246948156,7.0086801897716,19.8227602195456,11.5364536490424,7.19558229015429,2.74885062804091,"AVG","AVG","LOW","AVG","LOW","LOW",-13.1935483870968,-12.8214285714286,3.67741935483871,-5.54838709677419,-2.71428571428571,7.54838709677419,-4.12903225806452,-14.1785714285714,22.8709677419355,-11.4838709677419,-8.75,10.0645161290323,-16.5483870967742,-15.4642857142857,-14.6774193548387,6.70967741935484,6.5,3.38709677419355,"Inc","Inc","Inc Inc","Inc","Inc","Inc Inc","Dec","Inc","Dec Inc","Inc","Inc","Inc Inc","Inc","Inc","Inc Inc","Dec","Dec","Dec Dec"
"Nebraska",2021-03-17,2021-03-31,23.65,13.74,131.72396960334,0.820880575010425,-11.8555555555556,-6.42222222222222,-2.13333333333333,-15.8555555555556,-19.9777777777778,7.83333333333333,"HIGH","AVG","AVG","AVG","HIGH","AVG",12.1540311998526,8.4067626306201,33.3332509362277,11.6083669080607,10.0100823081147,4.47276401987944,"HIGH","AVG","HIGH","HIGH","AVG","AVG",-18.8387096774194,-16.8571428571429,-0.354838709677419,-10.8709677419355,-8.46428571428571,-0.129032258064516,-18.4516129032258,-21.8214285714286,31.9677419354839,-23.3548387096774,-21.1785714285714,-3.54838709677419,-22.3870967741935,-19.5,-18,9.96774193548387,8.42857142857143,5.16129032258065,"Inc","Inc","Inc Inc","Inc","Inc","Inc Inc","Dec","Inc","Dec Inc","Inc","Inc","Inc Inc","Inc","Inc","Inc Inc","Dec","Dec","Dec Dec"
"Nevada",2021-03-17,2021-03-31,21.16,12.04,75.2531983533787,1.70105509791421,-18.2777777777778,-9.02222222222222,-25.4222222222222,-36.4888888888889,-29.8111111111111,9.28888888888889,"AVG","AVG","LOW","AVG","AVG","AVG",7.60695686585978,5.51805571070707,13.6406347489608,8.64953651345712,7.97453030485315,3.1666962348314,"LOW","LOW","LOW","AVG","LOW","LOW",-25.2258064516129,-19.8571428571429,-9.90322580645161,-14.3548387096774,-9.07142857142857,-3.64516129032258,-35.0322580645161,-27.0714285714286,-14.3225806451613,-44.0645161290323,-39,-26.6451612903226,-32.2903225806452,-29.1785714285714,-27.9032258064516,11.1935483870968,9.28571428571429,7.38709677419355,"Inc","Inc","Inc Inc","Inc","Inc","Inc Inc","Inc","Inc","Inc Inc","Inc","Inc","Inc Inc","Inc","Inc","Inc Inc","Dec","Dec","Dec Dec"
"New Hampshire",2021-03-17,2021-03-31,25.44,12,201.522003470277,0.759028261658295,-16.6222222222222,-7.67777777777778,10.6111111111111,-29.9333333333333,-23.7333333333333,10.3777777777778,"AVG","AVG","HIGH","AVG","AVG","AVG",9.11915846918001,7.40153002369344,25.4490875068505,8.00393161816832,11.1916903363285,4.18552287627427,"AVG","AVG","AVG","LOW","AVG","AVG",-21.6774193548387,-20.1428571428571,-8.38709677419355,-11.1935483870968,-8.85714285714286,-3.09677419354839,1.35483870967742,4.25,25.6129032258065,-34.4193548387097,-31.6071428571429,-23.9354838709677,-25.2903225806452,-24.5357142857143,-21.4516129032258,11.741935483871,11.0357142857143,8.41935483870968,"Inc","Inc","Inc Inc","Inc","Inc","Inc Inc","Inc","Inc","Inc Inc","Inc","Inc","Inc Inc","Inc","Inc","Inc Inc","Dec","Dec","Dec Dec"
"New Jersey",2021-03-17,2021-03-31,25.35,13.09,351.152982617018,3.0589427566055,-26.0555555555556,-11.6111111111111,-2.93333333333333,-45.6444444444444,-33.6111111111111,13.2444444444444,"LOW","LOW","AVG","LOW","LOW","HIGH",11.1832148611976,10.3584025973862,37.6297157259788,9.09662378548392,14.270023932048,5.7206723717164,"AVG","HIGH","HIGH","AVG","HIGH","HIGH",-29.741935483871,-31.5714285714286,-17.3870967741935,-13.4838709677419,-15.75,-6,-11.9032258064516,-26.7142857142857,27.5161290322581,-48.2903225806452,-49.4285714285714,-39.5806451612903,-33.8387096774194,-36.0714285714286,-31.1612903225806,13.9677419354839,15.25,10.7096774193548,"Dec","Inc","Dec Inc","Dec","Inc","Dec Inc","Dec","Inc","Dec Inc","Dec","Inc","Dec Inc","Dec","Inc","Dec Inc","Inc","Dec","Inc Dec"
"New Mexico",2021-03-17,2021-03-31,30.08,17.56,66.9979423798234,1.36234015006177,-21.4,-9.96666666666667,-14.7777777777778,-14.8222222222222,-30.5444444444444,10.2666666666667,"AVG","AVG","LOW","AVG","LOW","AVG",9.44980827342515,6.30578475277381,15.4329122826217,10.0912441497264,9.62459526201248,3.84473958440752,"AVG","AVG","LOW","AVG","AVG","AVG",-29.3225806451613,-24.1428571428571,-11,-15,-10.5714285714286,-4.38709677419355,-23.2903225806452,-19.1428571428571,-2.32258064516129,-22.1290322580645,-19,-3.74193548387097,-32.1935483870968,-30.5,-28.9354838709677,12.3548387096774,10.8214285714286,7.67741935483871,"Inc","Inc","Inc Inc","Inc","Inc","Inc Inc","Inc","Inc","Inc Inc","Inc","Inc","Inc Inc","Inc","Inc","Inc Inc","Dec","Dec","Dec Dec"
"New York",2021-03-17,2021-03-31,23.07,11.37,143.606663015111,0.752650062828237,-32.1888888888889,-14.7777777777778,-24.7444444444444,-49.0222222222222,-33.8333333333333,12.1444444444444,"LOW","LOW","LOW","LOW","LOW","HIGH",8.89374789166802,7.84653044026864,22.2026221303514,6.39166904716518,11.1961570453558,4.6266475622656,"AVG","AVG","AVG","LOW","AVG","AVG",-36.6129032258064,-36.4285714285714,-23.9354838709677,-17.0322580645161,-17.1785714285714,-10.3548387096774,-31.1612903225806,-37.2142857142857,-7.06451612903226,-52.0322580645161,-50.7857142857143,-44.4193548387097,-34.4516129032258,-35.3928571428571,-31.8064516129032,13.2258064516129,13.4642857142857,9.87096774193548,"Inc","Inc","Inc Inc","Dec","Inc","Dec Inc","Dec","Inc","Dec Inc","Inc","Inc","Inc Inc","Dec","Inc","Dec Inc","Inc","Dec","Inc Dec"
"North Carolina",2021-03-17,2021-03-31,22.29,12.6,134.845601785955,1.57162706044237,-16.8333333333333,-6.43333333333333,-1.66666666666667,-31.0222222222222,-25.7777777777778,8.42222222222222,"AVG","AVG","AVG","AVG","AVG","AVG",7.92840151365947,6.26215671646542,24.4820502923439,7.78355768830302,9.73558026499344,3.66881108555934,"LOW","AVG","AVG","LOW","AVG","AVG",-22.8709677419355,-19.3928571428571,-8.48387096774194,-10.6129032258065,-7.57142857142857,-1.2258064516129,-13.4516129032258,-11.6071428571429,19.0967741935484,-36.5483870967742,-33.9642857142857,-22.8387096774194,-28.1935483870968,-25.25,-23.8387096774194,10.258064516129,8.85714285714286,6.19354838709677,"Inc","Inc","Inc Inc","Inc","Inc","Inc Inc","Inc","Inc","Inc Inc","Inc","Inc","Inc Inc","Inc","Inc","Inc Inc","Dec","Dec","Dec Dec"
"North Dakota",2021-03-17,2021-03-31,26.34,15.06,162.808889572394,0.147873650837778,-12.2111111111111,-13.8,-8.03333333333333,-20.4222222222222,-16.7333333333333,6.42222222222222,"HIGH","LOW","AVG","AVG","HIGH","LOW",7.97255748858946,5.41159803185962,19.003518302282,8.78197563933297,7.7166098395429,3.37864336106941,"LOW","LOW","LOW","AVG","LOW","LOW",-17.5806451612903,-15.6428571428571,-3.74193548387097,-17.3870967741935,-14.9642857142857,-9.16129032258065,-14.2258064516129,-20.5357142857143,9.45161290322581,-26.8709677419355,-24.4285714285714,-10.3548387096774,-17.9354838709677,-16.2142857142857,-16,8.09677419354839,6.92857142857143,4.29032258064516,"Inc","Inc","Inc Inc","Inc","Inc","Inc Inc","Dec","Inc","Dec Inc","Inc","Inc","Inc Inc","Inc","Inc","Inc Inc","Dec","Dec","Dec Dec"
"Ohio",2021-03-17,2021-03-31,21.45,12.62,111.81282172956,1.93348784473416,-16.5222222222222,-9.08888888888889,15.9333333333333,-20.5888888888889,-23.1222222222222,8.38888888888889,"AVG","AVG","HIGH","AVG","AVG","AVG",10.3849802710916,7.52321417750082,44.2342589281357,9.33507875600276,10.687415447096,4.21259333092874,"AVG","AVG","HIGH","AVG","AVG","AVG",-22.8064516129032,-21.5357142857143,-5.70967741935484,-13.4516129032258,-11.0357142857143,-2.96774193548387,-5.48387096774194,-8.21428571428571,59.1612903225806,-26.1935483870968,-25.3214285714286,-10.7096774193548,-24.7741935483871,-23.3928571428571,-21.2258064516129,9.96774193548387,9.5,5.80645161290323,"Inc","Inc","Inc Inc","Inc","Inc","Inc Inc","Dec","Inc","Dec Inc","Inc","Inc","Inc Inc","Inc","Inc","Inc Inc","Dec","Dec","Dec Dec"
"Oklahoma",2021-03-17,2021-03-31,24.66,13.49,18.5115784054702,0.21338995280081,-10.8111111111111,-5.01111111111111,-8.28888888888889,-5.42222222222222,-23.0666666666667,7.72222222222222,"HIGH","HIGH","AVG","HIGH","AVG","AVG",15.2719868720878,10.8498376153586,31.4039446618509,15.411930135835,14.1649988002554,5.96813218250193,"HIGH","HIGH","AVG","HIGH","HIGH","HIGH",-15.4516129032258,-20.9642857142857,3,-8.96774193548387,-10.25,3.67741935483871,-20.6129032258065,-29.8928571428571,23.5483870967742,-11.7096774193548,-15.5357142857143,10,-21.9677419354839,-28.6071428571429,-19.1612903225806,8.41935483870968,11.2857142857143,3.80645161290323,"Dec","Inc","Dec Inc","Dec","Inc","Dec Inc","Dec","Inc","Dec Inc","Dec","Inc","Dec Inc","Dec","Inc","Dec Inc","Inc","Dec","Inc Dec"
"Oregon",2021-03-17,2021-03-31,21.49,12.33,68.4715849438622,0.39096831905517,-21.9333333333333,-8.83333333333333,12.4777777777778,-34.7333333333333,-31.7555555555556,9.57777777777778,"AVG","AVG","HIGH","AVG","LOW","AVG",9.89926793343717,5.38046821403558,28.7332668560281,8.98413082838696,11.3764107519904,3.69323030183902,"AVG","LOW","AVG","AVG","AVG","AVG",-29.1290322580645,-25.5357142857143,-11.4838709677419,-12.4838709677419,-9.75,-4.35483870967742,2.67741935483871,0.571428571428571,33.0322580645161,-39.3870967741936,-38.6428571428571,-26.5483870967742,-32.5161290322581,-33.2857142857143,-29.6129032258065,11.1290322580645,10.1428571428571,7.51612903225806,"Inc","Inc","Inc Inc","Inc","Inc","Inc Inc","Dec","Inc","Dec Inc","Inc","Inc","Inc Inc","Dec","Inc","Dec Inc","Dec","Dec","Dec Dec"
"Pennsylvania",2021-03-17,2021-03-31,23.53,12.02,222.369401088492,1.70871671516299,-21.6555555555556,-10.8444444444444,-7.92222222222222,-38.4666666666667,-28.2111111111111,10.5111111111111,"AVG","AVG","AVG","AVG","AVG","AVG",11.7101330470676,9.48791201513754,34.1951530101601,8.8852864110698,12.2689838635355,4.87885703239722,"HIGH","HIGH","HIGH","AVG","HIGH","HIGH",-27.6451612903226,-26.75,-11.0645161290323,-14.3870967741935,-14.0357142857143,-4.41935483870968,-18.3870967741935,-29.3928571428571,21.9354838709677,-42.3225806451613,-41.9642857142857,-31.4516129032258,-29.7741935483871,-29.8571428571429,-25.1612903225806,11.8064516129032,12.0714285714286,7.80645161290323,"Inc","Inc","Inc Inc","Inc","Inc","Inc Inc","Dec","Inc","Dec Inc","Inc","Inc","Inc Inc","Dec","Inc","Dec Inc","Inc","Dec","Inc Dec"
"Rhode Island",2021-03-17,2021-03-31,27.01,11.68,287.418845744918,1.52023191137808,-22.5333333333333,-12.6222222222222,21.8555555555556,-45.4777777777778,-28.2,10.1444444444444,"LOW","LOW","HIGH","LOW","AVG","AVG",8.69870195663336,6.73841540699692,45.4877588450351,9.74763327976612,10.9145815259972,4.06564425042775,"AVG","AVG","HIGH","AVG","AVG","AVG",-27.6129032258065,-26.3571428571429,-14,-15.4193548387097,-14.1071428571429,-8.48387096774194,9.90322580645161,-3.57142857142857,56.7741935483871,-49.5806451612903,-49.4642857142857,-37.7741935483871,-29.9032258064516,-29.25,-25.5483870967742,11.6129032258065,11.0714285714286,7.83870967741935,"Inc","Inc","Inc Inc","Inc","Inc","Inc Inc","Dec","Inc","Dec Inc","Inc","Inc","Inc Inc","Inc","Inc","Inc Inc","Dec","Dec","Dec Dec"
"South Carolina",2021-03-17,2021-03-31,20.7,11.61,139.924597508915,1.18781491943051,-9.8,-5.1,-4.53333333333333,-8.77777777777778,-21.1666666666667,6.75555555555556,"HIGH","HIGH","AVG","HIGH","HIGH","LOW",9.20332133501301,5.95309380429173,24.8633117195381,12.0287836232796,8.11054245266027,3.17755863854206,"AVG","LOW","AVG","HIGH","LOW","LOW",-17.741935483871,-12.5357142857143,0.612903225806452,-10.0645161290323,-6.28571428571429,0.935483870967742,-18.6774193548387,-13.8571428571429,18.0322580645161,-16.1290322580645,-13.7142857142857,3.03225806451613,-24.3225806451613,-20.4285714285714,-18.6774193548387,8.7741935483871,6.92857142857143,4.58064516129032,"Inc","Inc","Inc Inc","Inc","Inc","Inc Inc","Inc","Inc","Inc Inc","Inc","Inc","Inc Inc","Inc","Inc","Inc Inc","Dec","Dec","Dec Dec"
"South Dakota",2021-03-17,2021-03-31,28.06,15.96,170.247502362506,1.34825235852236,-6.16666666666667,3.67777777777778,13.8222222222222,-3.63333333333333,-14.1777777777778,5.88888888888889,"HIGH","HIGH","HIGH","HIGH","HIGH","LOW",9.94846270095835,8.37442304271626,32.297972864965,12.0629901076424,8.27012734135317,3.46554288901544,"AVG","AVG","AVG","HIGH","LOW","LOW",-11.1935483870968,-11.0714285714286,3.29032258064516,-0.580645161290323,0.214285714285714,11.0645161290323,3.16129032258065,-5.53571428571429,41.9677419354839,-12.8709677419355,-8,9.54838709677419,-15.0645161290323,-14.1428571428571,-13.3225806451613,7.35483870967742,6.32142857142857,4.03225806451613,"Inc","Inc","Inc Inc","Inc","Inc","Inc Inc","Dec","Inc","Dec Inc","Inc","Inc","Inc Inc","Inc","Inc","Inc Inc","Dec","Dec","Dec Dec"
"Tennessee",2021-03-17,2021-03-31,19.04,10.07,115.68925770939,1.76288392700024,-13.5111111111111,-6.27777777777778,3.4,-18.1444444444444,-23.5333333333333,7.91111111111111,"AVG","AVG","AVG","AVG","AVG","AVG",11.9636569927093,8.04066599312419,30.266902604304,11.9911588321283,11.7952570929014,5.21588852771827,"HIGH","AVG","AVG","HIGH","AVG","HIGH",-18.4516129032258,-21.25,-1.58064516129032,-9.54838709677419,-9.39285714285714,-0.193548387096774,-9.80645161290323,-15.0357142857143,33.258064516129,-23.1612903225806,-25.7142857142857,-6.29032258064516,-24.1612903225806,-26.3214285714286,-20.3870967741935,8.96774193548387,10.2857142857143,4.70967741935484,"Dec","Inc","Dec Inc","Inc","Inc","Inc Inc","Dec","Inc","Dec Inc","Dec","Inc","Dec Inc","Dec","Inc","Dec Inc","Inc","Dec","Inc Dec"
"Texas",2021-03-17,2021-03-31,19.83,10.14,105.807882034664,0.64263025867415,-17.6555555555556,-10.8222222222222,-19.1666666666667,-26.5444444444444,-29.4888888888889,9.6,"AVG","AVG","LOW","AVG","AVG","AVG",12.607435928813,7.37377341203843,21.4901336128147,11.4814565797859,15.035721095575,5.30592206772433,"HIGH","AVG","AVG","AVG","HIGH","HIGH",-21.7096774193548,-25.1785714285714,-6.80645161290323,-13.7096774193548,-13.4642857142857,-5.54838709677419,-27.5483870967742,-33.2857142857143,1.96774193548387,-30.9354838709677,-33.4642857142857,-15.9032258064516,-28.5806451612903,-34.1785714285714,-26.1612903225806,10.7741935483871,12.0714285714286,6.19354838709677,"Dec","Inc","Dec Inc","Inc","Inc","Inc Inc","Dec","Inc","Dec Inc","Dec","Inc","Dec Inc","Dec","Inc","Dec Inc","Inc","Dec","Inc Dec"
"Utah",2021-03-17,2021-03-31,19.94,8.77,105.124911748215,1.44600979020928,-13.2555555555556,-5.78888888888889,14.4333333333333,-29.6888888888889,-25.9888888888889,8.35555555555556,"AVG","HIGH","HIGH","AVG","AVG","AVG",7.66952397496069,5.96524474091183,26.0574344024973,8.53498345468726,9.40654140603605,3.27507135563782,"LOW","LOW","AVG","AVG","LOW","LOW",-18.9354838709677,-15.75,-5.32258064516129,-11.258064516129,-5.92857142857143,-0.193548387096774,-1.03225806451613,2.53571428571429,40.6451612903226,-36.0645161290323,-31.5714285714286,-21.6129032258065,-27.8387096774194,-25.25,-24.8064516129032,9.80645161290323,8.60714285714286,6.67741935483871,"Inc","Inc","Inc Inc","Inc","Inc","Inc Inc","Inc","Inc","Inc Inc","Inc","Inc","Inc Inc","Inc","Inc","Inc Inc","Dec","Dec","Dec Dec"
"Vermont",2021-03-17,2021-03-31,25.43,13.49,239.009557184835,0.79936306750781,-23.4777777777778,-11.8,-0.888888888888889,-45.9222222222222,-26.6777777777778,11,"LOW","LOW","AVG","LOW","AVG","HIGH",8.41377652755767,7.31966721168986,21.732513024201,6.79925273121035,8.87722471281131,3.74165738677394,"LOW","AVG","AVG","LOW","LOW","AVG",-28.7741935483871,-26.0714285714286,-15.8387096774194,-16.8064516129032,-12.1071428571429,-6.51612903225806,-12.8064516129032,-3.07142857142857,13,-48.4838709677419,-46.9285714285714,-42.4516129032258,-27.4193548387097,-27.25,-25.4193548387097,12.0645161290323,11.4642857142857,9.51612903225806,"Inc","Inc","Inc Inc","Inc","Inc","Inc Inc","Inc","Inc","Inc Inc","Inc","Inc","Inc Inc","Inc","Inc","Inc Inc","Dec","Dec","Dec Dec"
"Virginia",2021-03-17,2021-03-31,23.06,13.08,131.491692716927,1.52215452238971,-21.6666666666667,-9.68888888888889,-0.411111111111111,-36.7555555555556,-30.3333333333333,11.4777777777778,"AVG","AVG","AVG","AVG","LOW","HIGH",9.53880307192385,8.45296895444547,29.3743350656541,8.85756340441157,12.2198953635712,4.74336385113136,"AVG","AVG","AVG","AVG","HIGH","AVG",-26.8709677419355,-25.5,-13,-13.2258064516129,-12.1428571428571,-3.93548387096774,-11.1290322580645,-18.3928571428571,26.5483870967742,-40.258064516129,-41.1428571428571,-29.2903225806452,-32.2258064516129,-31.6071428571429,-27.2903225806452,13,12.7857142857143,8.7741935483871,"Inc","Inc","Inc Inc","Inc","Inc","Inc Inc","Dec","Inc","Dec Inc","Dec","Inc","Dec Inc","Inc","Inc","Inc Inc","Dec","Dec","Dec Dec"
"Washington",2021-03-17,2021-03-31,22.88,12.99,103.684471547539,0.697462453518579,-23.5555555555556,-12,8.14444444444444,-46.3555555555556,-33.8111111111111,11.1666666666667,"LOW","LOW","AVG","LOW","LOW","HIGH",9.21541345754536,5.36949352119521,28.0827673622383,7.77826287055122,12.169121398256,3.97817077268299,"AVG","LOW","AVG","LOW","HIGH","AVG",-29.8387096774194,-26.8928571428571,-14.258064516129,-15.2258064516129,-13.4285714285714,-7.48387096774194,-1,-4.60714285714286,28.8064516129032,-50.8064516129032,-48.7857142857143,-39.7096774193548,-34.5806451612903,-35.1785714285714,-31.8064516129032,12.4193548387097,12.0714285714286,9.09677419354839,"Inc","Inc","Inc Inc","Inc","Inc","Inc Inc","Dec","Inc","Dec Inc","Inc","Inc","Inc Inc","Dec","Inc","Dec Inc","Dec","Dec","Dec Dec"
"West Virginia",2021-03-17,2021-03-31,23.78,14.7,157.796810667064,3.08028020822694,-13.2333333333333,-5.58888888888889,-0.8,-14.2444444444444,-21.3666666666667,7.22222222222222,"AVG","HIGH","AVG","HIGH","HIGH","LOW",12.6322665148963,9.22976918460038,25.5572501202274,12.6990321767927,9.73404773941747,4.0133982848403,"HIGH","HIGH","AVG","HIGH","AVG","AVG",-20.5806451612903,-19.9642857142857,0.193548387096774,-10.8387096774194,-8.82142857142857,2.58064516129032,-13.1935483870968,-15.0714285714286,24.4838709677419,-22.0322580645161,-20.9285714285714,-0.419354838709677,-23.5161290322581,-23.1785714285714,-17.5806451612903,8.93548387096774,8.71428571428571,4.16129032258065,"Inc","Inc","Inc Inc","Inc","Inc","Inc Inc","Dec","Inc","Dec Inc","Inc","Inc","Inc Inc","Inc","Inc","Inc Inc","Dec","Dec","Dec Dec"
"Wisconsin",2021-03-17,2021-03-31,23.59,13.43,83.3447771221752,0.91433088826015,-19.6,-7.17777777777778,8.74444444444444,-24.7,-20.6333333333333,8.91111111111111,"AVG","AVG","HIGH","AVG","HIGH","AVG",9.20649502046233,7.24774707773881,28.4121200246414,8.16466764496933,10.9692624684216,3.89653964736286,"AVG","AVG","AVG","LOW","AVG","AVG",-25.3548387096774,-23.4285714285714,-10.3870967741935,-11.3548387096774,-8.67857142857143,-1.64516129032258,2.19354838709677,-8.25,30.6451612903226,-29.9354838709677,-28.7142857142857,-15.8387096774194,-22.1935483870968,-20.2142857142857,-19.4516129032258,10.5161290322581,9.35714285714286,6.90322580645161,"Inc","Inc","Inc Inc","Inc","Inc","Inc Inc","Dec","Inc","Dec Inc","Inc","Inc","Inc Inc","Inc","Inc","Inc Inc","Dec","Dec","Dec Dec"
"Wyoming",2021-03-17,2021-03-31,22.48,14.14,75.1595140750849,0.888410331856795,-15.1666666666667,-7.71111111111111,-6.45555555555556,-5.8,-17.4888888888889,5.78888888888889,"AVG","AVG","AVG","HIGH","HIGH","LOW",9.1801569103625,7.02202705207691,14.9802575030081,14.7786666774796,9.01215713798037,3.24121784728873,"AVG","AVG","LOW","HIGH","LOW","LOW",-18.8387096774194,-17.5357142857143,-9.35483870967742,-10.2903225806452,-8.89285714285714,-4.06451612903226,-9,-14.6428571428571,3.48387096774194,-7.64516129032258,-11.2142857142857,0.935483870967742,-17.0645161290323,-15.6071428571429,-19.6129032258065,6.64516129032258,6.03571428571429,4.70967741935484,"Inc","Inc","Inc Inc","Inc","Inc","Inc Inc","Dec","Inc","Dec Inc","Dec","Inc","Dec Inc","Inc","Dec","Inc Dec","Dec","Dec","Dec Dec"
